-- phpMyAdmin SQL Dump
-- version 5.2.1
-- https://www.phpmyadmin.net/
--
-- Host: 127.0.0.1
-- Generation Time: Dec 06, 2024 at 05:34 PM
-- Server version: 10.4.32-MariaDB
-- PHP Version: 8.2.12

SET SQL_MODE = "NO_AUTO_VALUE_ON_ZERO";
START TRANSACTION;
SET time_zone = "+00:00";


/*!40101 SET @OLD_CHARACTER_SET_CLIENT=@@CHARACTER_SET_CLIENT */;
/*!40101 SET @OLD_CHARACTER_SET_RESULTS=@@CHARACTER_SET_RESULTS */;
/*!40101 SET @OLD_COLLATION_CONNECTION=@@COLLATION_CONNECTION */;
/*!40101 SET NAMES utf8mb4 */;

--
-- Database: `movietheatredb`
--

-- --------------------------------------------------------

--
-- Table structure for table `tbl_bookings`
--

CREATE TABLE `tbl_bookings` (
  `book_id` int(11) NOT NULL,
  `ticket_id` varchar(30) NOT NULL,
  `t_id` int(11) NOT NULL COMMENT 'theater id',
  `user_id` int(11) NOT NULL,
  `show_id` int(11) NOT NULL,
  `screen_id` int(11) NOT NULL,
  `no_seats` int(3) NOT NULL COMMENT 'number of seats',
  `amount` int(5) NOT NULL,
  `ticket_date` date NOT NULL,
  `date` date NOT NULL,
  `status` int(1) NOT NULL
) ENGINE=InnoDB DEFAULT CHARSET=latin1 COLLATE=latin1_swedish_ci;

-- --------------------------------------------------------

--
-- Table structure for table `tbl_contact`
--

CREATE TABLE `tbl_contact` (
  `contact_id` int(11) NOT NULL,
  `name` varchar(100) NOT NULL,
  `email` varchar(100) NOT NULL,
  `mobile` int(11) NOT NULL,
  `subject` varchar(1000) NOT NULL
) ENGINE=InnoDB DEFAULT CHARSET=latin1 COLLATE=latin1_swedish_ci;

-- --------------------------------------------------------

--
-- Table structure for table `tbl_login`
--

CREATE TABLE `tbl_login` (
  `id` int(11) NOT NULL,
  `user_id` int(11) NOT NULL,
  `username` varchar(50) NOT NULL COMMENT 'email',
  `password` varchar(50) NOT NULL,
  `user_type` int(1) NOT NULL
) ENGINE=InnoDB DEFAULT CHARSET=latin1 COLLATE=latin1_swedish_ci;

--
-- Dumping data for table `tbl_login`
--

INSERT INTO `tbl_login` (`id`, `user_id`, `username`, `password`, `user_type`) VALUES
(1, 0, 'admin', 'password', 0),
(25, 9, 'THR233840', 'PWD269516', 1),
(26, 9, 'shershaah0604@gmail.com', 'admin123', 2);

-- --------------------------------------------------------

--
-- Table structure for table `tbl_movie`
--

CREATE TABLE `tbl_movie` (
  `movie_id` int(11) NOT NULL,
  `t_id` int(11) NOT NULL COMMENT 'theatre id',
  `movie_name` varchar(255) NOT NULL,
  `cast` varchar(500) NOT NULL,
  `desc` varchar(1000) NOT NULL,
  `release_date` date NOT NULL,
  `image` varchar(200) NOT NULL,
  `video_url` varchar(200) NOT NULL,
  `status` int(1) NOT NULL COMMENT '0 means active '
) ENGINE=InnoDB DEFAULT CHARSET=latin1 COLLATE=latin1_swedish_ci;

--
-- Dumping data for table `tbl_movie`
--

INSERT INTO `tbl_movie` (`movie_id`, `t_id`, `movie_name`, `cast`, `desc`, `release_date`, `image`, `video_url`, `status`) VALUES
(1, 3, 'The Invisible Man', 'Elisabeth Moss, Oliver Jackson-Cohen, Aldis Hodge, Storm Reid', 'Cecilia\'s abusive ex-boyfriend fakes his death and becomes invisible to stalk and torment her. She begins experiencing strange events and decides to hunt down the truth on her own.', '2020-03-04', 'images/tim.jpg', 'https://www.youtube.com/watch?v=WO_FJdiY9dA', 0),
(11, 6, 'Cherry', 'Tom Holland, Ciara Bravo, Harry Holland, Kelli Berglund', 'Cherry (Tom Holland) drifts from college dropout to army medic in Iraq-anchored only by his one true love, Emily (Ciara Bravo). But after returning from the war with PTSD, his life spirals into drugs.', '2021-03-01', 'images/cherry.jpg', 'https://www.youtube.com/watch?v=H5bH6O0bErk', 0),
(17, 6, 'Justice League', 'Ben Affleck, Henry Cavil, Ezra Miller', 'This is a demo description for the movie ZSJL.', '2021-03-22', 'images/zsjl.jpg', 'https://www.youtube.com/watch?v=vM-Bja2Gy04', 0),
(20, 9, 'Poster Girl', 'Sonalee Kulkarni as Rupali Thorat Jitendra Joshi as Bharatrao Zende', 'Poshter Girl is a 2016 Indian Marathi-language drama film directed by Sameer Patil and written by Hemant Dhome, the film was produced by Chalo Film Banaye and Viacom18 Motion Pictures, it stars Sonalee Kulkarni, Jitendra Joshi, Hrishikesh Joshi, Aniket Vishwasrao, Hemant Dhome, Siddharth Menon, Sandeep Pathak, Akshay Tanksale, Anand Ingale and Vaibhav Mangale. The film was theatrically released on 12 February 2016.', '2016-02-16', 'images/postergitl.jpg', 'https://youtu.be/2ozdyvwaEZk?si=5mhOCFVD9gLZDdSN', 0),
(21, 9, 'Choricha Mamala', 'Jitendra Joshi as Nandan', 'Choricha Mamla (transl.?The Theft Case) is a 2020 Indian Marathi language comedy drama film written and directed by Priyadarshan Jadhav. The film was produced by Sudhakar Omle, Akash Pendharkar, Sachin Narkar, Vikar Pawar and Smita Omle under the banners Everest Entertainment and Swaroop Studios.[1] The film features Jitendra Joshi, Amruta Khanvilkar, Hemant Dhome, Kshitee Jog, Aniket Vishwasrao and Kirti Pendharkar in lead roles.[2] The plot follows the intricacies of a theft with a range of colourful individuals, with the event mainly restricted to a single venue, a farm house owned by a crooked politician.', '2020-01-20', 'images/chorimamla.jpg', 'https://youtu.be/FFX5vzx6SLs?si=KqSs9a4hk-8heRTO', 0);

-- --------------------------------------------------------

--
-- Table structure for table `tbl_news`
--

CREATE TABLE `tbl_news` (
  `news_id` int(11) NOT NULL,
  `name` varchar(100) NOT NULL,
  `cast` varchar(100) NOT NULL,
  `news_date` date NOT NULL,
  `description` varchar(200) NOT NULL,
  `attachment` varchar(200) NOT NULL
) ENGINE=InnoDB DEFAULT CHARSET=latin1 COLLATE=latin1_swedish_ci;

--
-- Dumping data for table `tbl_news`
--

INSERT INTO `tbl_news` (`news_id`, `name`, `cast`, `news_date`, `description`, `attachment`) VALUES
(3, 'Black Widow', 'Scarlett Johansson, Florence Pugh, David Harbour, Rachel Weisz', '2021-07-09', 'At birth the Black Widow (aka Natasha Romanova) is given to the KGB, which grooms her to become its ultimate operative.', 'news_images/blackwidow.jpg'),
(9, 'Shang-Chi and the Legend of the Ten Rings', 'Simu Liu, Awkwafina, Tony Leung, Fala Chen, Micheele Yeoh', '2021-09-14', 'Shang-Chi is a master of numerous unarmed and weaponry-based wushu styles, including the use of the gun, nunchaku, and jian.', 'news_images/shangchi.jpg'),
(10, 'The Eternals', 'Richard Madden, Salma Hayek, Angelina Jolie, Kit Harrington', '2021-11-04', 'The saga of the eternals, a race of immortal beings who lived on earth and shaped its history and civilizations.', 'news_images/eternals.jpg'),
(11, 'Poster Girl', 'Sonalee Kulkarni as Rupali Thorat', '2016-02-12', 'Poshter Girl is a 2016 Indian Marathi-language drama film directed by Sameer Patil and written by Hemant Dhome, the film was produced by Chalo Film Banaye and Viacom18 Motion Pictures, it stars Sonale', 'news_images/postergitl.jpg');

-- --------------------------------------------------------

--
-- Table structure for table `tbl_registration`
--

CREATE TABLE `tbl_registration` (
  `user_id` int(11) NOT NULL,
  `name` varchar(50) NOT NULL,
  `email` varchar(50) NOT NULL,
  `phone` varchar(12) NOT NULL,
  `age` int(2) NOT NULL,
  `gender` varchar(10) NOT NULL
) ENGINE=InnoDB DEFAULT CHARSET=latin1 COLLATE=latin1_swedish_ci;

--
-- Dumping data for table `tbl_registration`
--

INSERT INTO `tbl_registration` (`user_id`, `name`, `email`, `phone`, `age`, `gender`) VALUES
(9, 'Avishkar Gawande', 'shershaah0604@gmail.com', '8329923808', 20, 'gender');

-- --------------------------------------------------------

--
-- Table structure for table `tbl_screens`
--

CREATE TABLE `tbl_screens` (
  `screen_id` int(11) NOT NULL,
  `t_id` int(11) NOT NULL COMMENT 'theatre id',
  `screen_name` varchar(110) NOT NULL,
  `seats` int(11) NOT NULL COMMENT 'number of seats',
  `charge` int(11) NOT NULL
) ENGINE=InnoDB DEFAULT CHARSET=latin1 COLLATE=latin1_swedish_ci;

--
-- Dumping data for table `tbl_screens`
--

INSERT INTO `tbl_screens` (`screen_id`, `t_id`, `screen_name`, `seats`, `charge`) VALUES
(11, 9, 'Drona 1', 250, 200),
(12, 9, 'Drona2', 200, 200),
(13, 9, 'Drona3', 170, 150);

-- --------------------------------------------------------

--
-- Table structure for table `tbl_shows`
--

CREATE TABLE `tbl_shows` (
  `s_id` int(11) NOT NULL,
  `st_id` int(11) NOT NULL COMMENT 'show time id',
  `theatre_id` int(11) NOT NULL,
  `movie_id` int(11) NOT NULL,
  `start_date` date NOT NULL,
  `status` int(11) NOT NULL COMMENT '1 means show available',
  `r_status` int(11) NOT NULL
) ENGINE=InnoDB DEFAULT CHARSET=latin1 COLLATE=latin1_swedish_ci;

--
-- Dumping data for table `tbl_shows`
--

INSERT INTO `tbl_shows` (`s_id`, `st_id`, `theatre_id`, `movie_id`, `start_date`, `status`, `r_status`) VALUES
(28, 30, 9, 20, '2024-12-07', 1, 0),
(29, 32, 9, 20, '2024-12-07', 1, 0),
(30, 34, 9, 20, '2024-12-07', 1, 0),
(31, 37, 9, 20, '2024-12-07', 1, 0),
(32, 33, 9, 21, '2024-12-07', 1, 0),
(33, 34, 9, 21, '2024-12-07', 1, 0),
(34, 36, 9, 21, '2024-12-07', 1, 0);

-- --------------------------------------------------------

--
-- Table structure for table `tbl_show_time`
--

CREATE TABLE `tbl_show_time` (
  `st_id` int(11) NOT NULL,
  `screen_id` int(11) NOT NULL,
  `name` varchar(40) NOT NULL COMMENT 'noon,second,etc',
  `start_time` time NOT NULL
) ENGINE=InnoDB DEFAULT CHARSET=latin1 COLLATE=latin1_swedish_ci;

--
-- Dumping data for table `tbl_show_time`
--

INSERT INTO `tbl_show_time` (`st_id`, `screen_id`, `name`, `start_time`) VALUES
(27, 9, 'First', '17:00:00'),
(28, 9, 'Others', '23:00:00'),
(29, 10, 'Noon', '23:52:00'),
(30, 11, 'Noon', '12:00:00'),
(31, 11, 'Matinee', '15:00:00'),
(32, 11, 'First', '09:00:00'),
(33, 11, 'Second', '23:00:00'),
(34, 12, 'First', '10:00:00'),
(35, 12, 'Second', '21:33:00'),
(36, 13, 'Noon', '13:30:00'),
(37, 13, 'Second', '21:00:00');

-- --------------------------------------------------------

--
-- Table structure for table `tbl_theatre`
--

CREATE TABLE `tbl_theatre` (
  `id` int(11) NOT NULL,
  `name` varchar(100) NOT NULL,
  `address` varchar(100) NOT NULL,
  `place` varchar(100) NOT NULL,
  `state` varchar(50) NOT NULL,
  `pin` int(11) NOT NULL
) ENGINE=InnoDB DEFAULT CHARSET=latin1 COLLATE=latin1_swedish_ci;

--
-- Dumping data for table `tbl_theatre`
--

INSERT INTO `tbl_theatre` (`id`, `name`, `address`, `place`, `state`, `pin`) VALUES
(9, 'Marathi Theatre', 'No Cb/2/001, Empire Estate, Old Pune Mumbai Highway Pimpri Chinchwad Pimpri Chinchwad - 411019', 'Pune City', 'Maharashtra', 411039);

--
-- Indexes for dumped tables
--

--
-- Indexes for table `tbl_bookings`
--
ALTER TABLE `tbl_bookings`
  ADD PRIMARY KEY (`book_id`);

--
-- Indexes for table `tbl_contact`
--
ALTER TABLE `tbl_contact`
  ADD PRIMARY KEY (`contact_id`);

--
-- Indexes for table `tbl_login`
--
ALTER TABLE `tbl_login`
  ADD PRIMARY KEY (`id`);

--
-- Indexes for table `tbl_movie`
--
ALTER TABLE `tbl_movie`
  ADD PRIMARY KEY (`movie_id`);

--
-- Indexes for table `tbl_news`
--
ALTER TABLE `tbl_news`
  ADD PRIMARY KEY (`news_id`);

--
-- Indexes for table `tbl_registration`
--
ALTER TABLE `tbl_registration`
  ADD PRIMARY KEY (`user_id`);

--
-- Indexes for table `tbl_screens`
--
ALTER TABLE `tbl_screens`
  ADD PRIMARY KEY (`screen_id`);

--
-- Indexes for table `tbl_shows`
--
ALTER TABLE `tbl_shows`
  ADD PRIMARY KEY (`s_id`);

--
-- Indexes for table `tbl_show_time`
--
ALTER TABLE `tbl_show_time`
  ADD PRIMARY KEY (`st_id`);

--
-- Indexes for table `tbl_theatre`
--
ALTER TABLE `tbl_theatre`
  ADD PRIMARY KEY (`id`);

--
-- AUTO_INCREMENT for dumped tables
--

--
-- AUTO_INCREMENT for table `tbl_bookings`
--
ALTER TABLE `tbl_bookings`
  MODIFY `book_id` int(11) NOT NULL AUTO_INCREMENT, AUTO_INCREMENT=17;

--
-- AUTO_INCREMENT for table `tbl_contact`
--
ALTER TABLE `tbl_contact`
  MODIFY `contact_id` int(11) NOT NULL AUTO_INCREMENT;

--
-- AUTO_INCREMENT for table `tbl_login`
--
ALTER TABLE `tbl_login`
  MODIFY `id` int(11) NOT NULL AUTO_INCREMENT, AUTO_INCREMENT=27;

--
-- AUTO_INCREMENT for table `tbl_movie`
--
ALTER TABLE `tbl_movie`
  MODIFY `movie_id` int(11) NOT NULL AUTO_INCREMENT, AUTO_INCREMENT=22;

--
-- AUTO_INCREMENT for table `tbl_news`
--
ALTER TABLE `tbl_news`
  MODIFY `news_id` int(11) NOT NULL AUTO_INCREMENT, AUTO_INCREMENT=12;

--
-- AUTO_INCREMENT for table `tbl_registration`
--
ALTER TABLE `tbl_registration`
  MODIFY `user_id` int(11) NOT NULL AUTO_INCREMENT, AUTO_INCREMENT=10;

--
-- AUTO_INCREMENT for table `tbl_screens`
--
ALTER TABLE `tbl_screens`
  MODIFY `screen_id` int(11) NOT NULL AUTO_INCREMENT, AUTO_INCREMENT=14;

--
-- AUTO_INCREMENT for table `tbl_shows`
--
ALTER TABLE `tbl_shows`
  MODIFY `s_id` int(11) NOT NULL AUTO_INCREMENT, AUTO_INCREMENT=35;

--
-- AUTO_INCREMENT for table `tbl_show_time`
--
ALTER TABLE `tbl_show_time`
  MODIFY `st_id` int(11) NOT NULL AUTO_INCREMENT, AUTO_INCREMENT=38;

--
-- AUTO_INCREMENT for table `tbl_theatre`
--
ALTER TABLE `tbl_theatre`
  MODIFY `id` int(11) NOT NULL AUTO_INCREMENT, AUTO_INCREMENT=10;
COMMIT;

/*!40101 SET CHARACTER_SET_CLIENT=@OLD_CHARACTER_SET_CLIENT */;
/*!40101 SET CHARACTER_SET_RESULTS=@OLD_CHARACTER_SET_RESULTS */;
/*!40101 SET COLLATION_CONNECTION=@OLD_COLLATION_CONNECTION */;
